fileName,Category,Paths
How Not To Die,Medical,dataset/Medical/0000021.jpg
The Whole-Brain Child,Medical,dataset/Medical/0000022.jpg
Birth Skills,Medical,dataset/Medical/0000023.jpg
Diagnostic and Statistical Manual of Mental Disorders (DSM-5),Medical,dataset/Medical/0000024.jpg
Medical Medium Celery Juice,Medical,dataset/Medical/0000025.jpg
The Book You Wish Your Parents Had Read (and Your Children Will Be Glad That You Did),Medical,dataset/Medical/0000026.jpg
Publication Manual of the American Psychological Association,Medical,dataset/Medical/0000027.jpg
Proof of Heaven,Medical,dataset/Medical/0000028.jpg
The Immortal Life of Henrietta Lacks,Medical,dataset/Medical/0000029.jpg
The Complete Guide to Asperger's Syndrome,Medical,dataset/Medical/0000030.jpg
The Checklist Manifesto,Medical,dataset/Medical/0000031.jpg
Do No Harm,Medical,dataset/Medical/0000032.jpg
The Anatomy Coloring Book,Medical,dataset/Medical/0000033.jpg
The Plant Paradox,Medical,dataset/Medical/0000034.jpg
Wreck This Journal Everywhere,Medical,dataset/Medical/0000035.jpg
How to Change Your Mind,Medical,dataset/Medical/0000036.jpg
Raising an Emotionally Intelligent Child,Medical,dataset/Medical/0000037.jpg
Allen Carr's Easy Way to Stop Smoking,Medical,dataset/Medical/0000038.jpg
The Mindful Way through Depression,Medical,dataset/Medical/0000039.jpg
Call The Midwife,Medical,dataset/Medical/0000040.jpg
The Dialectical Behavior Therapy Skills Workbook,Medical,dataset/Medical/0000041.jpg
The Reality Slap,Medical,dataset/Medical/0000042.jpg
"The Boy Who Was Raised as a Dog, 3rd Edition",Medical,dataset/Medical/0000043.jpg
Strength Training Anatomy,Medical,dataset/Medical/0000044.jpg
The Brain That Changes Itself,Medical,dataset/Medical/0000045.jpg
Lost Ocean,Medical,dataset/Medical/0000046.jpg
Mating in Captivity,Medical,dataset/Medical/0000047.jpg
This is Going to Hurt,Medical,dataset/Medical/0000048.jpg
You Are the Placebo,Medical,dataset/Medical/0000049.jpg
Radical Acceptance,Medical,dataset/Medical/0000050.jpg
Awakenings,Medical,dataset/Medical/0000051.jpg
Unnatural Causes,Medical,dataset/Medical/0000052.jpg
Oxford Handbook of Clinical Medicine,Medical,dataset/Medical/0000053.jpg
"DBT Skills Training Manual, Second Edition",Medical,dataset/Medical/0000054.jpg
All Cats Have Asperger Syndrome,Medical,dataset/Medical/0000055.jpg
Becoming Supernatural,Medical,dataset/Medical/0000056.jpg
Anatomy Trains,Medical,dataset/Medical/0000057.jpg
Hallucinations,Medical,dataset/Medical/0000058.jpg
Loving What Is,Medical,dataset/Medical/0000059.jpg
An Introductory Guide to Anatomy & Physiology,Medical,dataset/Medical/0000060.jpg
The Body Keeps the Score,Medical,dataset/Medical/0000061.jpg
The Muscular System Anatomical Chart,Medical,dataset/Medical/0000062.jpg
Rewire Your Anxious Brain,Medical,dataset/Medical/0000063.jpg
Shadows Of The Workhouse,Medical,dataset/Medical/0000064.jpg
Call The Midwife,Medical,dataset/Medical/0000065.jpg
The Emperor of All Maladies,Medical,dataset/Medical/0000066.jpg
Complications,Medical,dataset/Medical/0000067.jpg
Brain Maker,Medical,dataset/Medical/0000068.jpg
The Gift of Therapy,Medical,dataset/Medical/0000069.jpg
Change Your Thinking,Medical,dataset/Medical/0000070.jpg
You Can Heal Your Life,Medical,dataset/Medical/0000071.jpg
Gratitude,Medical,dataset/Medical/0000072.jpg
"DBT (R) Skills Training Handouts and Worksheets, Second Edition",Medical,dataset/Medical/0000073.jpg
Man's Search for Meaning,Medical,dataset/Medical/0000074.jpg
Don't Shoot the Dog!,Medical,dataset/Medical/0000075.jpg
The Mindful Self-Compassion Workbook,Medical,dataset/Medical/0000076.jpg
Self Compassion,Medical,dataset/Medical/0000077.jpg
Trail Guide to the Body,Medical,dataset/Medical/0000078.jpg
The Man Who Mistook His Wife for a Hat,Medical,dataset/Medical/0000079.jpg
Hands Of Light,Medical,dataset/Medical/0000080.jpg
The Drama of the Gifted Child,Medical,dataset/Medical/0000081.jpg
Taking Charge of Your Fertility,Medical,dataset/Medical/0000082.jpg
When Breath Becomes Air,Medical,dataset/Medical/0000083.jpg
It Didn't Start with You,Medical,dataset/Medical/0000084.jpg
Trauma and Recovery,Medical,dataset/Medical/0000085.jpg
Love's Executioner,Medical,dataset/Medical/0000086.jpg
The Complete Ketogenic Diet for Beginners,Medical,dataset/Medical/0000087.jpg
The Compassionate Mind,Medical,dataset/Medical/0000088.jpg
I Had a Black Dog,Medical,dataset/Medical/0000089.jpg
The End of Alzheimer's,Medical,dataset/Medical/0000090.jpg
The Secret Language of Color Cards,Medical,dataset/Medical/0000091.jpg
The China Study: Revised and Expanded Edition,Medical,dataset/Medical/0000092.jpg
Immortal Life of Henrietta Lacks,Medical,dataset/Medical/0000093.jpg
"Cognitive Behavior Therapy, Second Edition",Medical,dataset/Medical/0000094.jpg
Smart but Scattered,Medical,dataset/Medical/0000095.jpg
Better,Medical,dataset/Medical/0000096.jpg
The Complete Low-Fodmap Diet,Medical,dataset/Medical/0000097.jpg
Farewell To The East End,Medical,dataset/Medical/0000098.jpg
The Epigenetics Revolution,Medical,dataset/Medical/0000099.jpg
Maps of Meaning,Medical,dataset/Medical/0000100.jpg
A Mind of Your Own,Medical,dataset/Medical/0000101.jpg
The Gene,Medical,dataset/Medical/0000102.jpg
"Many Lives, Many Masters",Medical,dataset/Medical/0000103.jpg
Musicophilia,Medical,dataset/Medical/0000104.jpg
The How Not To Die Cookbook,Medical,dataset/Medical/0000105.jpg
"Breaking the vicious cycle, Intestinal health through diet",Medical,dataset/Medical/0000106.jpg
Highly Sensitive Child,Medical,dataset/Medical/0000107.jpg
The 4 Pillar Plan,Medical,dataset/Medical/0000108.jpg
Into the Magic Shop,Medical,dataset/Medical/0000109.jpg
Schema Therapy,Medical,dataset/Medical/0000110.jpg
The Body Remembers,Medical,dataset/Medical/0000111.jpg
The Undiscovered Self,Medical,dataset/Medical/0000112.jpg
Desk Reference to the Diagnostic Criteria from DSM-5,Medical,dataset/Medical/0000113.jpg
When My Worries Get Too Big!,Medical,dataset/Medical/0000114.jpg
"Mind Over Mood, Second Edition",Medical,dataset/Medical/0000115.jpg
ACT Made Simple,Medical,dataset/Medical/0000116.jpg
Dibs in Search of Self,Medical,dataset/Medical/0000117.jpg
We Should All Be Feminists,Medical,dataset/Medical/0000118.jpg
The Heal Your Gut Cookbook,Medical,dataset/Medical/0000119.jpg
On Becoming a Person,Medical,dataset/Medical/0000120.jpg
"Ayurveda, the Science of Self-healing: A Practical Guide",Medical,dataset/Medical/0000121.jpg
The Mindful Path to Self-Compassion,Medical,dataset/Medical/0000122.jpg
Mindsight,Medical,dataset/Medical/0000123.jpg
With the Old Breed,Medical,dataset/Medical/0000124.jpg
Get Out of Your Mind and into Your Life,Medical,dataset/Medical/0000125.jpg
Sweet Poison,Medical,dataset/Medical/0000126.jpg
When the Body Says No,Medical,dataset/Medical/0000127.jpg
Listening to the Animals: Becoming The Supervet,Medical,dataset/Medical/0000128.jpg
Dmt : the Spririt Molecule,Medical,dataset/Medical/0000129.jpg
Art Therapy Sourcebook,Medical,dataset/Medical/0000130.jpg
The Skeletal System Anatomical Chart,Medical,dataset/Medical/0000131.jpg
Intuitive Eating,Medical,dataset/Medical/0000132.jpg
Spiritual Midwifery,Medical,dataset/Medical/0000133.jpg
Marshall & Ruedy's On Call: Principles & Protocols,Medical,dataset/Medical/0000134.jpg
Anatomy of Movement,Medical,dataset/Medical/0000135.jpg
Civilization and Its Discontents,Medical,dataset/Medical/0000136.jpg
Get into Medical School - 1250 UKCAT Practice Questions. Includes Full Mock Exam,Medical,dataset/Medical/0000137.jpg
The Gift Of Therapy,Medical,dataset/Medical/0000138.jpg
Mary Sheridan's From Birth to Five Years: Children's Developmental Progress,Medical,dataset/Medical/0000139.jpg
Brain Rules (Updated and Expanded),Medical,dataset/Medical/0000140.jpg
Food Rules,Medical,dataset/Medical/0000141.jpg
Nutrient Power,Medical,dataset/Medical/0000142.jpg
Wheat Belly,Medical,dataset/Medical/0000143.jpg
"Motivational Interviewing, Third Edition",Medical,dataset/Medical/0000144.jpg
An Anthropologist on Mars,Medical,dataset/Medical/0000145.jpg
Girls Only! All About Periods and Growing-Up Stuff,Medical,dataset/Medical/0000146.jpg
How to Eat Better,Medical,dataset/Medical/0000147.jpg
Hashimoto's Protocol,Medical,dataset/Medical/0000148.jpg
Talley and O'Connor's Clinical Examination - 2-Volume Set,Medical,dataset/Medical/0000149.jpg
